{
  "pubs": [
    [
      "OPENQASM 3.0;\ninclude \"stdgates.inc\";\ngate rzx(p0) _gate_q_0, _gate_q_1 {\n  h _gate_q_1;\n  cx _gate_q_0, _gate_q_1;\n  rz(p0) _gate_q_1;\n  cx _gate_q_0, _gate_q_1;\n  h _gate_q_1;\n}\ngate ecr _gate_q_0, _gate_q_1 {\n  rzx(0.7853981633974483) _gate_q_0, _gate_q_1;\n  x _gate_q_0;\n  rzx(-0.7853981633974483) _gate_q_0, _gate_q_1;\n}\nbit[7] meas;\nrz(-1.570796326794897) $9;\nsx $9;\nrz(-2.7488935718910685) $9;\nsx $9;\nrz(-1.5707963267948966) $9;\nx $17;\nrz(1.5707963267948966) $17;\nrz(-1.5707963267948966) $30;\nsx $30;\nrz(-0.7853981633974492) $30;\nsx $30;\nrz(1.5707963267948966) $30;\necr $17, $30;\nrz(-1.570796326794896) $17;\nsx $17;\nrz(-0.7853981633974474) $17;\nsx $17;\nsx $30;\necr $17, $30;\nrz(-1.5707963267948966) $17;\nsx $17;\nrz(-2.356194490192345) $17;\nsx $17;\nrz(-1.5707963267948966) $17;\nrz(-3.141592653589793) $30;\nrz(1.5707963267948966) $47;\nsx $47;\nrz(-2.3561944901923457) $47;\nsx $47;\nrz(1.5707963267948966) $47;\nrz(-1.570796326794897) $78;\nsx $78;\nrz(-2.7488935718910685) $78;\nsx $78;\nrz(-1.5707963267948966) $78;\nbarrier $9, $31, $30, $92, $17, $47, $78;\nmeas[0] = measure $9;\nmeas[1] = measure $31;\nmeas[2] = measure $30;\nmeas[3] = measure $92;\nmeas[4] = measure $17;\nmeas[5] = measure $47;\nmeas[6] = measure $78;\n"
    ]
  ],
  "version": 2,
  "support_qiskit": false,
  "shots": 10000,
  "options": {}
}